Structure,Name,Level,HP,Atk Range,Inf. Range,Damage,Cost,Interval,Influence,Vision,Interceptable,AutoRule,BuildOn,Description
Rocket Launcher,RL1,1,108,7,-,52,225,10.2s,-,6,Yes,"Closest→Lowest HP→Random",Own tiles,"Medium-range missile. Consumes 1 missile/shot."
Rocket Launcher,RL2,2,240,10,-,74,325 (upg 250),7.1s,-,8,Yes,"Closest→Lowest HP→Random",Own tiles,"Extended range. Higher damage per shot."
Rocket Launcher,RL3,3,413,14,-,102,425 (upg 327),5.05s,-,11,Yes,"Closest→Lowest HP→Random",Own tiles,"Long-range. Consumes 2 missiles. 30% chance per hit to deal 50% splash to adjacent enemies."
Anti Air System,AAS1,1,105,4,-,-,205,10.7s (recharge x1),-,5,-,Auto-intercept in range,Own tiles,"Intercepts rockets, air base missiles, and drones. Cap 4."
Anti Air System,AAS2,2,237,6,-,-,305 (upg 235),7.5s (recharge x2),-,7,-,Auto-intercept in range,Own tiles,"Extended range. Deeper magazine. Cap 6."
Anti Air System,AAS3,3,412,9,-,-,405 (upg 312),5.3s (recharge x3),-,9,-,Auto-intercept in range,Own tiles,"Strategic-tier SAM. Cap 9. Fast recharge. 20% chance +1 intercept charge on recharge."
Missile Factory,MF1,1,105,-,-,-,230,~11.1s (+1),-,4,-,-,Own tiles,"Produces 1 missile per cycle."
Missile Factory,MF2,2,233,-,-,-,330 (upg 254),~10.6s (+3),-,5,-,-,Own tiles,"Produces 3 missiles per cycle."
Missile Factory,MF3,3,399,-,-,-,430 (upg 331),~10s (+5),-,6,-,-,Own tiles,"Produces 5 missiles per cycle. High output justifies cost."
Government,G1,1,375,-,4,-,1525,-,2000,8,-,-,Own tiles,"Capitol. 2000 influence inf. range 4. +0.50 gold/tile/s. 5s warmup."
Government,G2,2,1081,-,6,-,2019 (upg 1554),-,3050,10,-,-,Own tiles,"Regional power. 3050 influence inf. range 6. +0.35 gold/tile/s."
Government,G3,3,2457,-,9,-,2800 (upg 2156),-,6050,12,-,-,Own tiles,"Metropolis. 6050 influence inf. range 9. +0.25 gold/tile/s."
Drone Operator,D1,1,58,5,-,11,155,6.2s,-,5,Yes (each projectile),"Closest→Lowest HP→Random",Own tiles,"Cheap. 1 projectile/volley. Interceptable."
Drone Operator,D2,2,125,6,-,13,205 (upg 158),5.25s,-,6,Yes (each projectile),"Closest→Lowest HP→Random",Own tiles,"2 projectiles/volley. Burns AAS charges."
Drone Operator,D3,3,200,7,-,13,255 (upg 196),4.75s,-,7,Yes (each projectile),"Closest→Lowest HP→Random",Own tiles,"3 projectiles/volley. Overwhelms AAS. Jams enemy military in range."
Militia,M1,1,40,2,-,38,135,7.6s,-,4,No,"Closest→Lowest HP→Random","Own/neutral tiles","Cheap harasser. Range 2. Non-interceptable."
Militia,M2,2,86,3,-,40,185 (upg 143),5.4s,-,5,No,"Closest→Lowest HP→Random","Own/neutral tiles","Motorized. Range 3. Non-interceptable."
Militia,M3 (Militia HQ),3,155,3,1,40,1500 (upg 1155),-,900,6,-,Mini-government,-,"Militia HQ: 900 influence inf. range 1. +0.3 gold/tile/s. Range 3 attack."
Air Base,AB1,1,175,7,-,145,350,15.8s,-,7,Yes,"Closest→Lowest HP→Random",Own tiles,"Heavy missile platform. Consumes 1 missile."
Air Base,AB2,2,500,10,-,255,750 (upg 578),10.2s,-,10,Yes,"Closest→Lowest HP→Random",Own tiles,"Extended range. Higher alpha strike. Consumes 2 missiles."
Air Base,AB3,3,1250,13,-,600,1400 (upg 1078),8.8s,-,13,Yes,"Closest→Lowest HP→Random",Own tiles,"Devastating alpha. Consumes 3 missiles. 30% stealth (non-interceptable)."
Barracks,B1,1,250,4,3,45,425,7.2s,1450,8,No,"Closest→Lowest HP→Random",Own tiles,"Ground troops. Atk range 4. Supply hub. 1450 influence inf. range 3."
Barracks,B2,2,680,5,4,68,900 (upg 693),5.2s,1850,10,No,"Closest→Lowest HP→Random",Own tiles,"Motorized. Atk range 5. 1850 influence inf. range 4."
Barracks,B3,3,1780,6,5,100,1700 (upg 1309),3.4s,2400,12,No,"Closest→Lowest HP→Random",Own tiles,"Mechanized. Atk range 6. 2400 influence inf. range 5. Command aura: +10% dmg / -10% dmg taken in radius."
Destroyer,DDG1,1,92,6,-,45,270,11.2s,-,5,Yes,"Closest→Lowest HP→Random","Owned water","Anti-ship missile boat. +25% dmg vs enemy ships."
Destroyer,DDG2,2,200,7,-,65,380 (upg 293),7.9s,-,7,Yes,"Closest→Lowest HP→Random","Owned water","Extended range, anti-ship bonus carries."
Destroyer,DDG3,3,338,8,-,84,480 (upg 370),5.9s,-,8,Yes,"Closest→Lowest HP→Random","Owned water","CEC: with another friendly navy in 3 hex, +20% extra vs enemy ships."
Aegis,AF1,1,86,3,-,-,250,11.6s (recharge x1),-,4,-,Auto-intercept (sea AA),"Owned water","Sea SAM. Cap 3. Intercepts rockets/airstrikes/drones."
Aegis,AF2,2,198,4,-,-,355 (upg 273),8.2s (recharge x1),-,5,-,Auto-intercept (sea AA),"Owned water","Extended range. Cap 4."
Aegis,AF3,3,345,5,-,-,455 (upg 350),6.0s (recharge x2),-,6,-,Auto-intercept (sea AA),"Owned water","Illumination BMD: +2 intercept range vs naval shots; intercepts spot enemy navy for friendly DDG/SSG."
Cruise Sub,SSG1,1,128,5,-,108,430,17.5s,-,5,Yes,"Closest→Lowest HP→Random","Owned water","Heavy cruise. Slow projectile, big alpha."
Cruise Sub,SSG2,2,350,6,-,178,900 (upg 693),12.2s,-,7,Yes,"Closest→Lowest HP→Random","Owned water","Salvo of 2 cruise missiles."
Cruise Sub,SSG3,3,900,7,-,430,1580 (upg 1217),10.2s,-,9,Yes,"Closest→Lowest HP→Random","Owned water","SAG: +25% dmg vs enemy ships with another friendly navy adjacent."
Port,PT1,1,220,-,4,-,600,-,1100,6,-,Sea influence + trade,"Coastal land","Mini-Gov for the sea. +$0.18/s per owned shore/sea tile in range."
Port,PT2,2,580,-,6,-,1050 (upg 808),-,1700,9,-,Sea influence + trade,"Coastal land","Expanded sea control. +$0.28/s per owned shore/sea tile in range."
Port,PT3,3,1450,-,8,-,1600 (upg 1232),-,2400,12,-,Sea influence + trade,"Coastal land","Fleet Command. +$0.38/s per owned shore/sea tile. Friendly navy in range: +10% dmg, −8% fire interval."
---,,,,,,,,,,,,,,
MECHANIC,,,,,,,,,,,,,,
Damage Efficiency,,,,,,,,,,,,,,,"HP 100%: 1.00x. HP 50-99%: 0.80x. HP <50%: 0.50x."
Supply Lines,,,,,,,,,,,,,,,"Outside friendly Gov/Barracks/M3 inf. range = 1.6x slower."
Influence,,,,,,,,,,,,,,,"Tile influence = base * max(0, 1 - d/(inf_range+1)). Sum per player. Highest = owner. Near-tie = Contested."
Contested,,,,,,,,,,,,,,,"Structures on contested tiles are paralyzed: no fire, no production, no regen, no income."
Fog of War,,,,,,,,,,,,,,,"Each structure grants vision per its vision stat. Unseen = undiscovered. Seen-but-not-visible = memory."
HP Regen,,,,,,,,,,,,,,,"0.8% maxHp/s, 5s cooldown after damage, paused when contested."
Target Priority,,,,,,,,,,,,,,,"Closest enemy structure → lowest HP → random. Drag to override."
Interception,,,,,,,,,,,,,,,"AAS intercepts rockets, air base missiles, and drone projectiles. Ground fire (Militia, Barracks) bypasses AAS."
Upgrade Discount,,,,,,,,,,,,,,,"Upgrades cost 77% of next level build price (23% savings). Inf. range expands to new level's radius on upgrade."
Victory,,,,,,,,,,,,,,,"Conquest / Domination / Regime Change / Blitz / Last Stand."
AI Doctrines,,,,,,,,,,,,,,,"AGGRESSOR/TURTLE/BOMBER/ECONOMIST. Phase-based: Expand→Fortify→Pressure→Dominate."
